iteration,fx
0,2.8031961165276162
1,0.0033015714455726375
2,2.304280493037325e-05
3,2.1586618048630157e-07
4,1.1898007024058188e-09
5,4.2451819837197036e-11
6,9.880540829954043e-12
7,1.0488054869028929e-11
8,1.106714719867341e-11
9,1.4303669360060667e-11
10,1.5849099810338885e-11
