iteration,fx
0,2.764354287523187
1,0.0001280155651568471
2,1.5994374269467926e-08
3,6.189271317680323e-12
4,1.0804246386442173e-11
5,1.0463185873277325e-11
6,7.745359908994942e-12
7,9.617640017722806e-12
8,1.1646239528317892e-11
9,1.3344436666784532e-11
10,1.198730004148274e-11
