iteration,fx
0,2.764354287523187
1,0.0014929036652238103
2,1.6641888965995832e-05
3,2.3210370558857107e-07
4,1.074135003165111e-09
5,2.7743585206962962e-11
6,8.281819674493818e-12
7,1.0189626920009687e-11
8,1.610844790889132e-11
9,1.403721583415063e-11
10,9.29434307295196e-12
