iteration,fx
0,33.33918214933004
1,0.007808494131249579
2,4.3288989232505497e-07
3,1.8555213876696185e-07
4,1.1746324007754298e-06
5,0.0006357918663737941
6,5.43173789910087e-05
7,0.11863813071083412
8,0.10270971428677844
9,1.0378875753358812
10,0.8799993777636308
