iteration,fx
0,42.41800637218085
1,0.00036176193618206015
2,3.6747021940729552e-06
3,1.4449121266773407e-05
4,4.856706444373297e-06
5,1.028552891469515e-05
6,5.757782424193738e-05
7,0.0005910946145296905
8,33434826.18486291
9,602502479.5908961
10,1801644156.4041882
