iteration,fx
0,33.33918214933004
1,0.0030789426875173333
2,9.052519533279126e-09
3,3.1754839881422513e-10
4,3.125309137779241e-13
5,4.652474157538432e-13
6,8.672473544032375e-12
7,1.5870537929706207e-12
8,6.248762528950019e-14
9,2.0689935031823476e-16
10,9.105936032118833e-17
