iteration,fx
0,50.42169714658979
1,1.1402632684883838e-06
2,1.8711117061911157e-13
3,8.22910058824007e-17
4,6.540756374435674e-21
5,1.4699408817102412e-21
6,1.7774850338053133e-22
7,1.2035319509376784e-23
8,2.085897801431985e-23
9,2.6517118355758293e-23
10,9.025885246250053e-22
