iteration,fx
0,38.79675657577196
1,0.0007803790423844497
2,3.716142579436723e-06
3,0.000565728719784921
4,0.4218051296158656
5,2.2660527037041405
6,0.28733774804413964
7,0.0033789221833810997
8,0.3209035190941437
9,3115163694.4992704
10,3631922.956303938
