iteration,fx
0,46.951039477577595
1,0.0018936658776267429
2,1.4212173656976362e-07
3,1.8143004190130483e-09
4,8.391033724517406e-11
5,2.7742444527416773e-10
6,1.3783060026371467e-07
7,1.0807903088534806e-07
8,1.2553417252666855e-07
9,5.684053839000245e-09
10,3.957182068902902e-10
