iteration,fx
0,33.33918214933004
1,0.00014663922961687608
2,1.3599152648912548e-08
3,9.226750922073578e-12
4,6.791121173475835e-16
5,6.935488659519806e-16
6,3.475153233743484e-19
7,2.0579002009941278e-21
8,2.573716132357451e-23
9,1.6205699738004607e-23
10,2.400974684547956e-24
