iteration,fx
0,0.4459664162589291
1,3.532308524906056e-05
2,5.2184175567593856e-11
3,1.0966773736235194e-15
4,1.0526018943833648e-21
5,1.076760222272061e-22
6,1.142629448177312e-22
7,1.3458962524374082e-22
8,4.5372963919358784e-23
9,2.4322048368659923e-22
10,1.0601958469078337e-22
