iteration,fx
0,0.0880304755139969
1,3.45010353619557e-10
2,3.3306690738754696e-16
3,0.0
4,0.0
5,0.0
6,0.0
7,0.0
8,0.0
9,0.0
10,0.0
