iteration,fx
0,0.10075624190359822
1,5.174441986000033e-10
2,0.0
3,0.0
4,0.0
5,0.0
6,0.0
7,0.0
8,0.0
9,0.0
10,0.0
