iteration,fx
0,0.08640430023785628
1,2.502051899000435e-10
2,1.1102230246251565e-16
3,0.0
4,0.0
5,0.0
6,0.0
7,0.0
8,0.0
9,0.0
10,0.0
