iteration,fx
0,0.048879112839888106
1,1.3708976176474152e-09
2,1.2212453270876722e-15
3,0.0
4,0.0
5,0.0
6,0.0
7,0.0
8,0.0
9,0.0
10,0.0
