iteration,fx
0,0.06377004888915982
1,1.29209039834155e-06
2,1.2101430968414206e-14
3,0.0
4,0.0
5,0.0
6,0.0
7,0.0
8,0.0
9,0.0
10,0.0
