iteration,fx
0,0.08640430023785628
1,3.1700550628954716e-08
2,1.7408297026122455e-13
3,0.0
4,0.0
5,0.0
6,0.0
7,0.0
8,0.0
9,0.0
10,0.0
