iteration,fx
0,0.048879112839888106
1,9.543053477223395e-06
2,7.141409685829103e-11
3,7.771561172376096e-16
4,0.0
5,0.0
6,0.0
7,0.0
8,0.0
9,0.0
10,0.0
