iteration,fx
0,0.048879112839888106
1,2.8324453893446844e-11
2,0.0
3,0.0
4,0.0
5,0.0
6,0.0
7,0.0
8,0.0
9,0.0
10,0.0
