iteration,fx
0,0.10075624190359822
1,5.761003896154193e-10
2,2.3314683517128287e-15
3,0.0
4,0.0
5,0.0
6,0.0
7,0.0
8,0.0
9,0.0
10,0.0
