iteration,fx
0,0.0880304755139969
1,2.0179986348622947e-08
2,1.3322676295501878e-15
3,0.0
4,0.0
5,0.0
6,0.0
7,0.0
8,0.0
9,0.0
10,0.0
