iteration,fx
0,0.06377004888915982
1,4.483576867553296e-06
2,2.8283819730745563e-10
3,1.5543122344752192e-15
4,0.0
5,0.0
6,0.0
7,0.0
8,0.0
9,0.0
10,0.0
