iteration,fx
0,0.0880304755139969
1,9.192900469745524e-07
2,6.30245189370271e-10
3,1.787459069646502e-14
4,0.0
5,0.0
6,0.0
7,0.0
8,0.0
9,0.0
10,0.0
