iteration,fx
0,-0.13336481395138977
1,-0.7868324171052178
2,-0.46464549565282665
3,-0.4822164896533428
4,-1.085357795477623
5,-0.16283696853467705
6,-0.31906788736387515
7,-0.816986131024288
8,-0.2160227639745527
9,-1.1390529811675076
10,-0.5732525274964132
