iteration,fx
0,-1.2242745913723672e-06
1,-1.6421666267039414
2,-1.341945101530223
3,-0.14091854094105316
4,-0.5939969167088603
5,-1.1497066677069279
6,-0.5529205692033681
7,-1.1637155276547866
8,-0.9632891037368484
9,-0.17900222350380143
10,-1.1860856971736145
