iteration,fx
0,-1.2242745913723672e-06
1,-0.36012234085889594
2,-1.3267064292475303
3,-0.9583431494865352
4,-0.7337419607652719
5,-0.9898743683422536
6,-0.9132438986380169
7,-0.9419266575628429
8,-0.48648863085062044
9,-0.972662889657666
10,-0.9553752974523806
