iteration,fx
0,-0.21081668724405658
1,-2.1770706642933364
2,-2.6570705860053887
3,-2.6570942554654877
4,-2.657094286419431
5,-2.6570942869798104
6,-2.657094287113147
7,-2.6570942871204197
8,-2.6570942871247833
9,-2.657094287125535
10,-2.6570942871256777
