iteration,fx
0,-0.4280042787137221
1,-0.6065018021210291
2,-0.010861786676246871
3,-0.9367229630636675
4,-0.2713649717913425
5,-0.4558181059609102
6,-1.3209001752326337
7,-1.3788790470970917
8,-0.3438245300553848
9,-1.1357627853092918
10,-1.0300040399618808
