iteration,fx
0,-0.13336481395138977
1,-3.2118377983377786
2,-3.2293943985296183
3,-3.229394400140661
4,-3.229394400140661
5,-3.2293944001406603
6,-3.22939440014066
7,-3.229394400140662
8,-3.229394400140662
9,-3.229394400140662
10,-3.2293944001406625
