iteration,fx
0,15.018918894832538
1,0.9949908642938041
2,0.9949590572950413
3,0.9949590570932898
4,0.9949590570932898
5,0.9949590570932898
6,0.9949590570932898
7,0.9949590570932898
8,0.9949590570932898
9,0.9949590570932898
10,0.9949590570932898
