iteration,fx
0,40.37207611421005
1,0.00035941891253798985
2,2.226130391136394e-11
3,0.0
4,0.0
5,0.0
6,0.0
7,0.0
8,0.0
9,0.0
10,0.0
