iteration,fx
0,26.189213130915952
1,2.9983438922505528
2,2.9848771725375087
3,2.9848771712798765
4,2.9848771712798694
5,2.9848771712798694
6,2.9848771712798694
7,2.9848771712798694
8,2.9848771712798694
9,2.9848771712798694
10,2.9848771712798694
11,2.9848771712798694
12,2.9848771712798694
13,2.9848771712798694
14,2.9848771712798694
15,2.9848771712798694
16,2.9848771712798694
17,2.9848771712798694
18,2.9848771712798694
19,2.9848771712798694
20,2.9848771712798694
