iteration,fx
0,14.087645550902753
1,4.974807928492096
2,4.974790247652939
3,4.974790247647379
4,4.974790247647379
5,4.974790247647377
6,4.974790247647379
7,4.974790247647379
8,4.974790247647377
9,4.974790247647379
10,4.974790247647379
11,4.974790247647379
12,4.974790247647384
13,4.974790247647379
14,4.974790247647379
15,4.974790247647379
16,4.974790247647379
17,4.974790247647379
18,4.974790247647379
19,4.974790247647377
20,4.974790247647377
