iteration,fx
0,17.050280424147246
1,28.931568292346356
2,2.984877187263322
3,2.9848771712798765
4,2.9848771712798694
5,2.9848771712798694
6,2.9848771712798765
7,2.9848771712798694
8,2.9848771712798765
9,2.9848771712798694
10,2.9848771712798765
