iteration,fx
0,26.189213130915952
1,5.971119582707168
2,5.96974972888674
3,5.969749304748163
4,5.969749304740667
5,5.969749304740667
6,5.969749304740667
7,5.969749304740674
8,5.969749304740674
9,5.969749304740674
10,5.969749304740674
11,5.969749304740667
12,5.969749304740667
13,5.969749304740674
14,5.969749304740667
15,5.969749304740674
16,5.969749304740667
17,5.969749304740674
18,5.969749304740674
19,5.969749304740674
20,5.969749304740674
