iteration,fx
0,26.189213130915952
1,5.971119582707168
2,5.96974972888674
3,5.969749304748163
4,5.969749304740667
5,5.969749304740667
6,5.969749304740667
7,5.969749304740674
8,5.969749304740674
9,5.969749304740674
10,5.969749304740674
