iteration,fx
0,40.37207611421005
1,0.9949821216202892
2,0.9949590570984981
3,0.9949590570932898
4,0.9949590570932898
5,0.9949590570932898
6,0.9949590570932898
7,0.9949590570932898
8,0.9949590570932898
9,0.9949590570932898
10,0.9949590570932898
