iteration,fx
0,26.189213130915952
1,7.709932603461311e-07
2,1.4210854715202004e-14
3,0.0
4,0.0
5,0.0
6,0.0
7,0.0
8,0.0
9,0.0
10,0.0
