iteration,fx
0,15.018918894832538
1,10.874823955676106
2,4.9747907598977505
3,4.974790247647377
4,4.974790247647377
5,4.974790247647377
6,4.974790247647377
7,4.974790247647377
8,4.974790247647377
9,4.974790247647377
10,4.974790247647377
