iteration,fx
0,40.37207611421005
1,5.971486241279145
2,5.969749329324472
3,5.969749304741605
4,5.969749304740674
5,5.969749304740674
6,5.969749304740674
7,5.969749304740674
8,5.969749304740674
9,5.969749304740674
10,5.969749304740674
11,5.969749304740674
12,5.969749304740674
13,5.969749304740674
14,5.969749304740674
15,5.969749304740674
16,5.969749304740674
17,5.969749304740674
18,5.969749304740674
19,5.969749304740674
20,5.969749304740667
