iteration,fx
0,15.018918894832538
1,0.00028912925350255136
2,1.4054535313334782e-09
3,0.0
4,0.0
5,0.0
6,0.0
7,0.0
8,0.0
9,0.0
10,0.0
