iteration,fx
0,26.189213130915952
1,0.9950713463398984
2,0.9949590572422125
3,0.9949590570932898
4,0.9949590570932898
5,0.9949590570932898
6,0.9949590570932898
7,0.9949590570932898
8,0.9949590570932898
9,0.9949590570932898
10,0.9949590570932898
