iteration,fx
0,27.411779863769056
1,1.2538015070617803e-06
2,5.5422333389287814e-12
3,0.0
4,0.0
5,0.0
6,0.0
7,0.0
8,0.0
9,0.0
10,0.0
