iteration,fx
0,14.087645550902753
1,3.979831190578995
2,3.979831190554087
3,3.979831190554087
4,3.979831190554087
5,3.979831190554087
6,3.979831190554087
7,3.979831190554087
8,3.979831190554087
9,3.979831190554087
10,3.979831190554087
11,3.979831190554087
12,3.979831190554087
13,3.979831190554087
14,3.979831190554087
15,3.979831190554087
16,3.979831190554087
17,3.979831190554087
18,3.979831190554087
19,3.979831190554087
20,3.979831190554087
