iteration,fx
0,40.37207611421005
1,1.9967685691937618
2,1.9899181146165859
3,1.9899181141865796
4,1.9899181141865796
5,1.9899181141865796
6,1.9899181141865796
7,1.9899181141865796
8,1.9899181141865796
9,1.9899181141865796
10,1.9899181141865796
