iteration,fx
0,40.37207611421005
1,5.971486241279145
2,5.969749329324472
3,5.969749304741605
4,5.969749304740674
5,5.969749304740674
6,5.969749304740674
7,5.969749304740674
8,5.969749304740674
9,5.969749304740674
10,5.969749304740667
