iteration,fx
0,58.08885696726438
1,1.3127631588548554
2,0.2272704523594237
3,3.6515925908336705e-06
4,3.965293664925484e-12
5,2.1991507872670822e-16
6,1.6411393872709335e-19
7,5.1949964965222665e-21
8,6.893658242649169e-21
9,1.3560928572682013e-20
10,4.114090275495506e-21
