iteration,fx
0,39.768323836749474
1,1.765091569019905
2,0.21892637347011368
3,0.00719182060233324
4,2.522679139089136e-09
5,1.5439042331237977e-14
6,1.2335957122780924e-16
7,1.7494479952825276e-19
8,2.268726247867283e-20
9,1.6647031473233364e-20
10,1.4760828554825573e-20
