iteration,fx
0,58.08885696726438
1,0.46763867789327274
2,0.00041302435129615786
3,1.6961773414298517e-12
4,4.58538403016184e-18
5,2.2462477901009574e-20
6,2.2101067673280505e-21
7,5.892381339171997e-21
8,6.755137130961622e-21
9,8.834735642085073e-21
10,1.0267501684600456e-20
