iteration,fx
0,47.948967527033844
1,1.8741811373450816
2,0.6156199652529577
3,0.03457163022077807
4,0.00024919906732604824
5,6.267201429019422e-06
6,2.2065722261607668e-07
7,4.7599172845816367e-08
8,3.5767991911153987e-09
9,6.815076256767072e-11
10,1.013212454617704e-12
