iteration,fx
0,39.768323836749474
1,3.3512598924233563
2,1.5659472625050426
3,0.7387956759904789
4,0.20313391603984265
5,0.015482828823876412
6,0.0007135892829492101
7,4.393787559051214e-06
8,2.7015373491369943e-07
9,7.133042447699996e-09
10,3.676563671453038e-09
