iteration,fx
0,19.825816682743095
1,3.291767266231225
2,1.4163369420737462
3,0.1182833297013275
4,0.007873948111321144
5,0.0001990569796304167
6,1.1629075078379972e-05
7,1.0117435862793668e-07
8,7.224449899110518e-09
9,1.010350522372949e-09
10,1.796088029583435e-10
