iteration,fx
0,47.948967527033844
1,2.51204002115524
2,0.8293779267889305
3,0.0070121471596582
4,2.7592749014266583e-09
5,8.653466370669633e-12
6,2.937180175356501e-14
7,6.8487720205470765e-16
8,1.2321976057689625e-18
9,1.4617586018261923e-20
10,5.256309030451968e-21
