iteration,fx
0,58.08885696726438
1,3.2749611575962603
2,1.4610817390200794
3,0.5403281828660818
4,0.615152215569989
5,0.19606622347311747
6,0.11520482565457646
7,0.015562985529583202
8,0.00617137680290965
9,0.000396615944619578
10,4.275795034474179e-05
