iteration,fx
0,2092.7003375934833
1,2075.188566182983
2,2075.187991876315
3,2075.1879918735785
4,2075.1879918735785
5,2075.187991873578
6,2075.187991873578
7,2075.187991873578
8,2075.187991873578
9,2075.187991873578
10,2075.187991873578
