iteration,fx
0,2093.47068695696
1,2075.188005906615
2,2075.187991873579
3,2075.187991873578
4,2075.187991873578
5,2075.187991873578
6,2075.187991873578
7,2075.187991873578
8,2075.187991873578
9,2075.187991873578
10,2075.187991873578
