iteration,fx
0,2092.7003375934833
1,2075.187992449111
2,2075.187991873578
3,2075.187991873578
4,2075.187991873578
5,2075.187991873578
6,2075.187991873578
7,2075.187991873578
8,2075.187991873578
9,2075.187991873578
10,2075.187991873578
