iteration,fx
0,2094.092452912943
1,2075.1879926085376
2,2075.1879918735785
3,2075.187991873578
4,2075.187991873578
5,2075.187991873578
6,2075.187991873578
7,2075.187991873578
8,2075.187991873578
9,2075.187991873578
10,2075.187991873578
