iteration,fx
0,0.46731967108648104
1,1.9194660399858114e-08
2,2.2181698998923195e-12
3,1.5196576260964603e-16
4,1.0533508274300839e-20
5,3.305129181529335e-23
6,7.593677344225557e-23
7,8.165776345385824e-23
8,3.1804926747270976e-23
9,6.41316444566392e-23
10,2.1064599319086153e-23
