iteration,fx
0,0.46731967108648104
1,7.41834057561385e-11
2,3.6516677577394245e-18
3,9.193668680903651e-23
4,8.707049606182984e-23
5,1.9518541114993343e-23
6,4.19784482363596e-24
7,2.34434069864166e-23
8,2.333244312002301e-23
9,2.0332176312062206e-23
10,8.331268101893559e-24
