iteration,fx
0,0.2007879889795542
1,3.4447384287167464e-09
2,1.3087615913970266e-15
3,1.0282968780057966e-22
4,2.0401006333452714e-23
5,1.617796861152289e-23
6,5.7056393421482595e-24
7,4.224425199495505e-23
8,1.83613067742164e-23
9,7.471658941422469e-23
10,1.6068487968836197e-23
