iteration,fx
0,0.46731967108648104
1,3.160725874693699e-10
2,3.0186356413974485e-16
3,8.314063433483406e-22
4,5.000040826420333e-23
5,4.7411704230732556e-23
6,2.268416756204665e-23
7,4.268727524498735e-23
8,3.2852344285639317e-23
9,5.6831352757678446e-24
10,1.2678719651932514e-23
