iteration,fx
0,0.7739297615892193
1,6.5260153418531345e-06
2,5.211303168594214e-08
3,3.550970552805156e-11
4,5.203920352118811e-15
5,1.0142554699299665e-17
6,2.469480891572782e-21
7,9.130290518752693e-23
8,3.704945438543173e-23
9,7.041429011626692e-23
10,9.418027544268704e-23
