iteration,fx
0,0.6534032235572798
1,0.0036692990052808786
2,1.734848475923608e-07
3,9.71216010034819e-12
4,1.1322375096544869e-15
5,3.868805411790849e-17
6,3.582569694315463e-19
7,8.5359650335458e-22
8,1.8259270853073492e-23
9,1.2773176999692058e-22
10,1.4911576428443112e-22
